Table vi_05_q: Entry clearance visas granted by country of nationality,,,,,,,,,,,,,,,,,,,,,,,,,,,,,,,,,,,,,,,,,,,,,,,,,,,,,,
,,,,,,,,,,,,,,,,,,,,,,,,,,,,,,,,,,,,,,,,,,,,,,,,,,,,,,
Geographical region,Country of nationality,2005 Q1,2005 Q2,2005 Q3,2005 Q4,2006 Q1,2006 Q2,2006 Q3,2006 Q4,2007 Q1,2007 Q2,2007 Q3,2007 Q4,2008 Q1,2008 Q2,2008 Q3,2008 Q4,2009 Q1,2009 Q2,2009 Q3,2009 Q4,2010 Q1,2010 Q2,2010 Q3,2010 Q4,2011 Q1,2011 Q2,2011 Q3,2011 Q4,2012 Q1,2012 Q2,2012 Q3,2012 Q4,2013 Q1,2013 Q2,2013 Q3,2013 Q4,2014 Q1,2014 Q2,2014 Q3,2014 Q4,2015 Q1,2015 Q2,2015 Q3,2015 Q4,2016 Q1,2016 Q2,2016 Q3,2016 Q4,2017 Q1,2017 Q2,2017 Q3,2017 Q4,2018 Q1
*Total,*Total,"428,907","665,996","569,218","401,303","441,273","686,671","663,693","436,624","446,247","628,923","608,216","379,248","395,013","605,196","590,439","363,957","386,579","576,235","609,481","423,058","407,252","636,871","669,858","430,640","465,214","728,719","686,568","394,916","454,765","707,409","643,211","423,377","458,263","810,151","782,822","445,252","475,474","764,776","771,008","437,305","460,054","793,263","780,027","435,003","445,860","799,736","772,410","460,967","513,958","885,794","822,658","487,940","513,649"
Africa North,*Total Africa North,"16,325","24,943","21,283","16,587","17,956","26,022","25,968","17,774","16,465","25,032","20,996","15,701","16,710","23,249","23,503","16,272","17,072","22,260","21,246","19,753","18,688","25,534","23,694","19,938","16,206","21,817","19,834","15,981","17,381","22,419","21,211","19,989","21,769","27,891","22,961","22,033","21,767","25,405","24,816","18,557","17,606","23,060","23,946","18,928","17,615","21,684","23,296","19,244","18,237","20,681","22,037","19,577","18,642"
Africa Sub-Saharan,*Total Africa Sub-Saharan,"74,109","91,951","84,942","61,393","55,710","73,186","81,877","64,928","59,218","68,055","75,989","54,726","48,933","65,571","74,037","52,024","54,120","88,678","103,060","70,387","64,623","92,984","100,247","75,106","70,516","99,808","101,191","68,978","68,888","94,428","93,303","66,118","59,476","91,449","101,295","64,202","53,483","87,061","95,200","62,473","56,581","81,841","92,285","58,622","44,352","70,637","69,537","51,550","46,226","70,819","80,829","60,199","50,195"
America North,*Total America North,"6,680","10,185","18,643","6,895","7,055","10,270","19,237","7,562","7,480","9,471","20,350","7,429","7,027","9,940","21,367","8,825","7,066","9,113","21,395","9,013","7,486","11,170","22,350","8,707","7,405","10,128","22,173","7,649","6,565","10,087","21,299","7,299","7,148","10,838","23,394","7,801","6,319","10,415","23,300","8,561","7,034","10,067","23,501","7,768","5,994","9,786","22,015","7,643","5,955","9,642","23,126","7,307","5,890"
America Central and South,*Total America Central and South,"11,561","18,851","17,512","11,688","11,581","18,291","18,492","12,543","13,034","18,756","18,239","12,819","11,957","18,376","17,903","11,449","10,941","15,984","18,034","11,576","11,527","17,887","16,708","10,864","11,279","17,310","16,004","9,020","10,781","17,808","15,937","9,966","10,609","18,233","18,200","11,035","9,975","21,815","24,872","13,138","12,745","23,587","24,375","13,106","12,520","21,750","19,326","12,565","14,382","23,212","21,875","12,882","13,870"
Asia Central,*Total Asia Central,"3,326","5,526","5,656","4,023","3,812","7,236","6,982","5,832","5,442","7,821","7,739","5,357","4,371","6,182","7,522","4,507","4,108","6,289","6,249","5,182","4,115","6,274","7,049","4,851","4,539","7,347","7,540","5,465","4,468","7,441","6,797","6,087","4,158","8,514","7,160","5,664","4,659","8,725","6,933","5,265","4,063","7,937","6,845","4,135","3,404","5,990","5,465","4,509","4,070","7,023","6,231","4,872","4,447"
Asia East,*Total Asia East,"33,590","59,802","67,067","35,244","39,070","68,149","82,980","39,096","39,414","69,677","86,187","39,301","38,757","62,495","70,156","35,531","31,693","50,675","80,066","32,497","35,939","65,511","107,824","38,686","41,540","96,716","119,004","42,974","46,055","109,759","115,601","49,856","48,046","141,243","162,884","58,609","59,469","146,442","178,168","66,679","66,963","183,283","206,769","71,715","75,071","211,015","232,985","99,675","105,172","251,546","247,105","89,599","93,164"
Asia South,*Total Asia South,"127,816","204,877","153,546","108,135","139,782","229,243","193,881","125,397","148,571","201,387","168,564","103,233","125,563","191,164","159,606","92,516","112,271","173,523","166,314","131,380","121,897","186,740","173,991","112,950","143,575","204,100","161,567","88,632","117,653","176,198","139,312","85,013","109,230","193,098","149,971","83,293","111,562","186,304","150,645","91,815","116,890","206,647","152,247","90,594","119,398","210,704","158,940","96,943","129,529","233,529","180,380","111,732","137,977"
Asia South East,*Total Asia South East,"26,512","37,750","34,104","22,714","26,720","37,434","39,717","24,578","28,739","38,158","40,806","26,545","28,456","39,148","42,565","24,461","27,874","36,725","46,530","26,817","30,854","39,362","50,546","28,533","37,058","45,148","53,069","28,025","38,790","44,709","51,974","32,768","38,352","51,578","62,428","34,209","41,286","53,019","63,872","37,009","42,321","55,847","63,851","37,506","44,785","64,032","65,836","45,516","56,788","70,167","69,814","47,822","52,062"
EU 14,*Total EU 14,9,20,11,7,5,11,13,6,8,8,19,10,15,7,16,5,3,4,3,7,3,3,10,1,4,3,6,4,4,1,4,3,3,1,7,2,0,1,2,1,0,1,1,3,1,1,3,1,10,4,2,6,3
EU 2,*Total EU 2,"13,124","18,134","15,719","14,698","15,600","19,979","17,976","11,729",28,19,10,7,18,9,16,11,17,10,13,5,8,8,11,1,6,6,10,3,5,5,5,3,4,8,8,1,0,9,1,0,1,0,0,1,0,0,1,0,0,5,7,8,1
EU 8,*Total EU 8,13,16,18,22,10,15,21,20,16,10,22,22,11,18,16,5,4,4,9,6,2,9,1,5,2,3,6,3,2,4,4,3,1,1,0,2,2,2,3,0,0,5,1,4,0,2,2,3,2,2,2,3,1
EU Other,*Total EU Other,"4,167","5,544","3,982","4,086","2,826",393,610,370,321,408,477,298,290,385,456,191,219,205,307,220,178,239,324,178,158,163,294,136,159,212,287,138,129,157,92,98,44,48,87,71,48,63,75,50,70,60,89,66,17,5,10,6,3
Europe Other,*Total Europe Other,"60,100","99,109","71,841","69,087","66,910","105,125","82,385","78,558","73,345","107,033","85,799","69,388","61,318","99,811","82,237","66,862","57,907","83,774","72,690","66,600","58,829","98,054","81,076","77,207","70,667","114,043","101,133","72,364","79,543","124,261","88,948","82,136","85,738","150,522","105,863","85,892","95,691","124,797","93,961","74,025","67,821","98,215","77,993","67,080","62,202","99,630","76,499","73,618","78,194","119,317","85,616","83,825","86,205"
Middle East,*Total Middle East,"33,868","71,911","60,435","33,742","38,854","73,423","78,953","35,285","36,933","67,374","71,089","34,031","38,981","75,557","79,730","41,178","51,527","78,006","64,525","41,424","42,203","83,136","76,911","46,316","51,899","102,577","76,726","48,243","55,378","91,585","81,729","57,255","65,426","107,612","120,263","65,225","63,088","90,509","100,473","51,672","58,113","92,481","98,564","57,292","51,015","74,595","89,780","42,087","46,065","71,187","76,840","43,124","43,219"
Oceania,*Total Oceania,"15,156","13,805","11,025","10,414","13,174","15,048","10,969","10,377","14,657","12,565","9,134","7,561","10,222","10,672","8,506","7,683","9,926","8,847","6,646","6,178","9,402","8,055","6,992","5,809","9,044","7,983","6,147","6,031","7,836","6,943","5,214","5,349","7,001","7,436","6,556","5,774","6,583","8,705","6,868","6,584","8,775","8,554","7,635","6,698","8,165","8,046","6,538","6,081","7,830","6,818","6,667","5,393","6,466"
Other,*Total Other,"2,551","3,572","3,434","2,568","2,208","2,846","3,632","2,569","2,576","3,149","2,796","2,820","2,384","2,612","2,803","2,437","1,831","2,138","2,394","2,013","1,498","1,905","2,124","1,488","1,316","1,567","1,864","1,408","1,257","1,549","1,586","1,394","1,173","1,570","1,740","1,412","1,546","1,519","1,807","1,455","1,093","1,675","1,939","1,501","1,268","1,804","2,098","1,466","1,481","1,837","2,117","1,585","1,504"
Asia Central,Afghanistan,877,936,"1,069",817,948,"1,334","1,664","1,502","1,608","1,252","2,110","1,260","1,123","1,040","1,316",921,"1,053",965,837,"1,549","1,057",863,"1,090","1,140","1,489","1,049","1,329","1,017",822,788,750,"1,030",595,681,845,732,624,739,832,911,676,784,847,522,565,674,690,545,611,529,721,790,666
Europe Other,Albania,"2,460","2,975","2,861","3,266","1,837","2,705","2,369","3,149","2,577","2,329","1,847","1,880","1,383","1,611","1,514","1,576","1,293","1,319","1,360","1,617","1,252","1,453","1,464","1,560","1,051","1,116","1,149","1,178","1,365","1,176","1,031","1,291","1,076","1,147","1,036","1,141","1,114","1,049","1,069","1,604","1,311","1,136","1,482","1,942","1,372","1,520","1,438","1,833","1,394","1,580","1,449","2,170","1,680"
Africa North,Algeria,"2,391","3,102","3,066","2,353","2,583","3,511","3,626","2,761","2,772","3,695","3,274","2,765","2,934","3,382","4,348","2,482","2,760","2,656","3,018","2,638","2,138","2,620","2,537","2,250","2,520","3,044","3,279","2,683","2,794","3,436","3,398","2,398","3,752","4,267","3,880","3,529","3,523","3,435","4,445","3,676","3,065","4,143","4,896","4,231","3,751","3,651","4,066","3,817","3,541","3,760","4,161","3,709","3,683"
Oceania,American Samoa,0,0,0,0,0,0,0,0,0,0,0,0,0,0,0,0,0,0,0,0,0,0,0,0,0,0,0,0,0,0,0,0,0,0,0,0,0,0,0,0,0,0,0,0,0,0,0,0,0,0,0,0,0
Europe Other,Andorra,0,0,1,2,1,2,4,0,2,0,3,2,0,0,1,0,0,0,2,1,1,0,2,0,0,0,3,0,0,0,0,2,1,1,1,1,3,1,4,1,2,1,5,1,1,2,5,1,0,4,8,1,1
Africa Sub-Saharan,Angola,787,996,"1,124",955,710,"1,094","1,193",912,775,977,"1,371","1,042",848,"1,023","1,179",592,574,684,994,607,663,725,898,583,590,748,894,807,674,749,996,780,764,887,"1,160",910,725,975,"1,180","1,006",776,836,"1,295",760,503,464,807,632,550,540,754,589,427
Other,Anguilla (British),0,0,1,0,0,0,0,0,0,0,0,0,0,0,0,0,0,0,1,0,0,0,0,0,0,0,0,0,0,0,0,0,0,1,0,0,0,0,0,0,0,0,0,0,0,0,0,0,0,0,0,0,0
America Central and South,Antigua and Barbuda,8,7,16,6,5,6,27,7,10,4,18,7,13,8,30,6,4,3,12,9,3,9,18,6,4,2,14,6,5,3,12,3,1,1,12,2,6,2,10,5,5,1,12,1,4,2,22,7,3,3,25,3,3
America Central and South,Argentina,220,213,235,195,205,224,285,200,249,229,254,168,146,215,235,154,238,189,227,108,372,182,197,157,517,149,144,105,423,229,149,106,438,181,190,144,375,139,187,140,554,173,234,184,536,165,196,107,248,132,262,86,364
Europe Other,Armenia,301,464,451,440,253,546,521,406,339,568,614,394,341,489,555,495,407,503,495,425,379,623,576,542,388,740,635,592,374,800,679,558,421,847,691,595,571,623,694,531,476,699,683,763,444,687,624,611,758,709,831,748,721
America Central and South,Aruba,0,0,0,0,0,0,0,0,0,0,0,0,0,0,0,0,0,0,0,0,0,0,0,0,0,0,0,0,0,0,0,0,0,0,0,0,0,0,0,0,0,0,0,0,0,0,0,0,0,0,0,0,0
Oceania,Australia,"11,421","9,829","8,170","7,955","9,463","11,027","8,011","7,810","10,598","8,975","6,392","5,499","7,680","6,889","5,993","5,409","7,419","6,484","4,946","4,706","6,663","5,870","5,150","4,352","6,532","5,781","4,506","4,475","5,608","4,892","3,814","3,904","4,957","5,252","4,713","4,135","4,716","6,296","5,126","5,008","6,166","5,752","5,399","5,127","5,924","5,561","4,817","4,678","5,630","4,653","4,807","4,044","4,520"
EU 14,Austria,0,0,0,0,1,1,1,0,0,0,4,0,0,0,2,0,0,0,0,0,0,1,1,0,1,0,0,0,0,0,0,0,0,0,0,0,0,0,0,0,0,0,0,0,0,0,0,0,0,1,0,1,0
Europe Other,Azerbaijan,789,"1,145","1,260","1,020",857,"1,216","1,432","1,182",916,"1,390","1,526","1,184",869,"1,214","1,347","1,344",912,"1,239","1,452","1,268",962,"1,171","1,591","1,408",974,"1,329","2,034","1,456","1,482","2,001","2,069","2,019","1,585","2,102","2,753","1,905","2,273","2,199","2,660","2,161","1,796","2,107","2,543","1,595","1,120","1,759","1,832","1,588","1,310","1,747","2,263","1,709","1,382"
America Central and South,"Bahamas, The",14,15,77,12,15,20,82,15,28,16,77,13,22,17,49,20,13,8,75,13,10,3,48,12,23,12,44,16,6,13,52,11,10,4,50,9,6,2,52,8,7,6,49,4,6,4,68,9,11,7,67,14,3
Middle East,Bahrain,"1,075","2,258","2,449",961,"1,201","2,300","3,262","1,002","1,213","2,248","2,780","1,039","1,267","2,897","3,049","1,370","1,345","2,762","2,376","1,345","1,165","3,350","2,641","1,651","1,206","3,321","2,631","1,868","1,729","2,876","3,269","1,934","1,906","3,407","5,105","2,127","2,058","2,949","4,138","2,026","1,961","3,460","3,988","2,443","2,204","4,082","4,489","3,032","2,536","4,044","4,414","3,191","2,258"
Asia South,Bangladesh,"6,386","9,595","9,819","6,616","6,112","9,205","10,118","8,567","6,778","8,015","7,968","5,761","6,324","7,535","8,809","4,763","6,916","8,155","13,108","12,214","9,184","7,266","7,545","7,108","7,171","7,486","7,013","5,179","5,235","6,254","7,551","4,784","4,680","6,775","7,947","5,021","5,350","6,744","7,123","4,061","3,522","4,118","4,871","3,276","2,996","4,168","4,525","3,561","3,694","4,403","5,777","4,421","3,991"
America Central and South,Barbados,69,66,201,56,71,58,192,49,50,49,154,55,49,53,136,40,36,33,122,35,28,41,110,30,20,26,110,27,26,35,95,26,19,38,91,28,23,23,101,25,32,37,107,4,29,26,88,22,28,27,110,16,17
Europe Other,Belarus,"2,029","5,425","2,522","1,370","1,767","4,633","3,189","1,596","1,966","4,561","3,168","1,541","1,525","3,532","3,131","1,703","1,288","2,855","2,689","1,515","1,315","3,219","2,228","1,347","1,607","3,099","2,863","1,524","1,939","3,224","2,864","1,862","2,112","4,232","3,133","1,937","2,324","3,344","2,760","1,800","1,642","3,516","2,571","1,701","1,702","3,580","2,681","1,899","2,118","3,658","2,566","2,376","2,230"
EU 14,Belgium,0,0,0,0,0,0,1,0,0,0,2,2,2,3,0,0,0,0,0,0,0,0,1,0,0,0,0,1,0,1,0,0,0,0,0,0,0,1,0,0,0,0,0,0,0,0,0,0,0,0,0,0,1
America Central and South,Belize,5,9,24,4,11,8,23,1,4,14,11,4,10,7,19,8,2,5,22,5,8,5,19,9,4,5,31,1,4,4,16,2,1,1,23,12,1,5,19,8,2,3,38,6,4,2,37,1,3,5,28,5,4
Africa Sub-Saharan,Benin,127,159,154,123,115,134,165,155,100,125,128,115,97,116,108,81,98,111,148,101,92,111,161,71,82,109,107,72,94,92,105,71,82,113,113,80,74,102,63,78,59,92,94,76,66,80,94,75,67,120,113,101,93
Other,Bermuda (British),0,1,0,0,0,1,0,0,1,0,0,0,0,0,0,0,0,0,0,0,0,0,0,1,0,0,2,0,0,0,0,0,0,0,0,0,0,0,0,0,0,1,1,0,0,0,0,0,0,0,0,0,0
Asia South,Bhutan,33,41,46,23,27,36,36,34,32,26,43,33,18,21,28,22,28,24,39,54,29,26,154,35,14,39,50,44,171,30,26,31,74,69,51,29,12,32,44,33,15,41,42,37,12,38,63,62,34,38,70,41,22
America Central and South,Bolivia,29,51,97,26,59,58,96,60,58,52,65,56,37,40,79,40,46,279,326,282,179,337,263,202,197,347,267,169,210,333,281,198,169,301,267,198,181,311,256,217,187,379,315,253,204,472,366,287,257,438,419,304,285
America Central and South,"Bonaire, Sint Eustatius and Saba",z,z,z,z,z,z,z,z,z,z,z,z,z,z,z,z,z,z,z,z,z,z,z,z,0,0,0,0,0,0,0,0,0,0,0,0,0,0,0,0,0,0,0,0,0,0,0,0,0,0,0,0,0
Europe Other,Bosnia and Herzegovina,799,"1,142",833,917,901,"1,092",971,913,872,"1,035",948,996,907,"1,194","1,064",882,786,974,822,853,897,916,844,833,858,"1,009",801,712,933,815,773,652,716,917,850,756,915,634,790,529,659,591,614,558,581,686,592,644,685,663,637,677,643
Africa Sub-Saharan,Botswana,102,115,285,123,128,131,323,255,199,215,358,201,135,67,303,90,60,57,207,56,49,50,241,54,41,39,211,29,42,30,269,38,44,20,203,34,31,23,173,25,30,18,202,30,27,20,188,15,30,27,169,32,45
America Central and South,Brazil,"1,183","2,183","2,373","1,469","1,147","1,729","2,239","1,252","1,590","1,700","2,069","1,679","1,941","1,920","2,187","1,667","1,603","1,063","1,885","1,328","1,274","1,288","1,647",978,"1,017","1,114","1,377",707,804,922,"1,745",964,"1,060","1,179","2,709","1,962",913,"2,028","3,337",904,873,"1,119","2,638",941,787,"1,025","1,471",842,966,837,"1,734",945,789
Other,British overseas citizens,45,55,52,42,32,47,35,12,12,20,30,20,30,25,35,15,20,23,31,20,16,28,23,15,15,10,19,11,15,13,13,6,9,9,4,12,3,11,2,6,3,7,13,2,4,2,6,3,3,4,8,2,5
Asia South East,Brunei,76,84,515,164,98,66,687,163,70,84,898,185,57,63,"1,023",106,50,56,914,204,51,60,946,154,48,47,"1,004",196,62,59,827,231,49,72,795,212,73,57,718,180,88,78,559,93,25,40,479,79,33,21,341,61,33
EU 2,Bulgaria,"5,877","7,552","6,258","6,399","7,138","8,248","7,309","4,856",4,9,2,4,2,2,1,2,7,1,1,0,4,4,5,0,0,1,2,0,0,2,1,2,0,1,4,0,0,5,0,0,0,0,0,1,0,0,1,0,0,0,2,4,0
Africa Sub-Saharan,Burkina,60,79,78,60,72,83,81,55,65,94,110,50,64,82,79,48,64,80,73,56,54,87,91,48,80,51,71,55,66,62,66,38,56,78,74,57,58,79,65,54,54,66,92,60,71,79,89,41,66,77,100,57,55
Asia South East,Burma,453,751,530,328,371,604,661,417,539,639,687,479,500,603,608,354,527,550,751,543,423,580,401,363,387,416,441,245,371,507,493,273,310,526,548,380,365,555,732,485,455,655,854,580,487,885,949,550,712,940,982,708,907
Africa Sub-Saharan,Burundi,67,105,67,69,57,90,76,68,50,75,85,57,86,92,75,67,59,56,70,46,48,84,62,47,56,50,46,32,41,42,48,40,38,64,29,30,36,60,51,23,47,26,56,29,26,47,35,30,59,52,54,44,48
Asia South East,Cambodia,44,72,80,77,71,117,95,102,117,61,103,93,89,107,164,88,71,130,145,154,123,141,149,149,116,162,149,89,144,192,192,115,138,237,175,150,165,266,283,156,147,293,323,235,168,266,394,249,309,357,599,456,360
Africa Sub-Saharan,Cameroon,"1,150","1,417","1,492","1,281","1,081","1,499","1,646","1,376","1,094","1,354","1,600","1,290",868,"1,273","1,256",881,871,954,"1,413","1,045","1,019","1,105","1,365",988,"1,096","1,190","1,318","1,030",928,"1,131","1,262",740,817,"1,084","1,235",736,806,"1,174","1,152",813,669,955,"1,166",696,649,972,929,657,547,871,970,802,725
America North,Canada,"1,925","2,997","4,782","1,813","1,920","2,610","4,920","1,860","1,864","2,353","4,742","1,579","1,620","2,305","5,169","1,654","1,696","2,041","5,219","1,735","1,629","2,225","5,587","1,777","1,564","2,034","5,435","1,492","1,533","1,870","5,378","1,559","1,623","1,981","6,116","1,658","1,455","2,024","5,915","1,852","1,755","2,051","6,166","1,776","1,511","2,094","5,321","1,720","1,465","1,973","5,562","1,672","1,418"
Africa Sub-Saharan,Cape Verde,48,63,47,55,44,60,72,75,58,94,74,87,36,38,56,35,24,29,34,27,39,30,29,29,15,15,22,17,22,18,16,29,27,26,27,26,23,24,36,27,24,33,27,32,21,34,31,18,26,21,23,21,21
Other,Cayman Islands (British),0,0,4,0,0,1,0,0,0,0,1,0,0,0,1,0,0,0,0,0,0,0,0,0,0,0,0,0,0,0,0,0,0,0,0,0,0,0,0,0,0,0,0,0,0,0,0,0,0,0,0,0,0
Africa Sub-Saharan,Central African Republic,22,11,17,11,16,19,31,28,16,14,22,18,13,33,25,18,18,17,14,15,14,8,18,7,6,11,12,15,16,14,14,8,5,10,12,10,13,10,8,16,8,19,12,9,6,12,14,12,7,11,16,7,11
Africa Sub-Saharan,Chad,29,54,34,31,16,31,49,32,32,32,39,29,23,49,45,32,29,18,16,17,13,22,15,16,22,22,25,14,12,23,30,17,21,13,35,25,17,22,32,17,27,25,36,24,18,13,18,27,17,23,36,23,16
America Central and South,Chile,110,120,320,183,156,150,285,174,149,175,346,221,158,153,324,156,97,82,395,150,147,158,427,161,162,139,480,170,116,203,415,155,149,163,499,181,128,123,533,217,107,150,582,188,145,173,575,166,146,163,592,165,140
Asia East,China,"19,744","38,062","42,356","23,992","24,368","47,594","55,360","28,380","24,392","51,029","60,946","29,180","27,767","45,748","47,288","27,071","24,710","44,517","63,784","28,518","29,249","59,664","91,509","34,623","35,123","90,404","101,876","39,555","39,750","102,858","97,214","45,714","43,203","133,911","142,161","54,259","54,694","139,137","157,592","61,852","61,642","176,724","186,014","66,979","70,214","204,429","212,338","94,940","100,192","244,539","226,180","84,774","88,674"
Oceania,Christmas Island,0,0,0,0,0,0,0,0,0,0,0,0,0,0,0,0,0,0,0,0,0,0,0,0,0,0,0,0,0,0,0,0,0,0,0,0,0,0,0,0,0,0,0,0,0,0,0,0,0,0,0,0,0
Oceania,Cocos (Keeling) Islands,0,0,0,0,0,0,0,0,0,0,0,0,0,0,0,0,0,0,0,0,0,0,0,0,0,0,0,0,0,0,0,0,0,0,0,0,0,0,0,0,0,0,0,0,0,0,0,0,0,0,0,0,0
America Central and South,Colombia,"3,062","6,184","4,289","3,417","3,369","6,223","4,520","4,080","3,859","7,322","4,685","4,299","3,515","7,125","6,039","4,041","3,631","6,432","5,637","3,851","3,948","7,849","5,337","4,099","4,384","8,789","5,389","3,573","4,305","8,896","5,736","3,983","4,346","9,589","6,500","4,155","3,902","9,448","8,481","4,910","4,449","11,120","6,954","4,166","4,202","9,556","5,956","4,804","5,669","10,344","6,785","4,357","5,130"
Africa Sub-Saharan,Comoros,8,18,12,13,8,11,15,10,6,10,8,4,8,12,9,10,7,11,13,11,14,17,3,17,9,28,16,16,23,45,27,21,33,64,63,36,46,45,42,40,42,47,82,44,45,66,69,46,58,64,91,81,54
Africa Sub-Saharan,Congo,300,295,351,293,258,326,456,365,373,369,244,242,180,235,262,165,190,219,283,172,115,176,193,131,118,198,204,145,103,165,190,145,111,152,185,128,120,128,163,98,60,156,113,134,95,104,110,93,86,135,137,91,129
Africa Sub-Saharan,Congo (Democratic Republic),"1,110","1,631","1,649",951,999,"1,001","1,533","1,343",975,"1,225","1,263","1,175",862,769,852,563,512,654,878,559,321,456,587,440,408,472,613,387,366,546,625,382,484,517,526,522,362,558,725,436,369,517,592,368,417,470,543,647,476,600,760,719,516
Oceania,Cook Islands,0,0,0,0,0,0,0,0,0,0,0,0,0,0,0,0,0,0,0,0,0,0,0,0,0,0,0,0,0,0,0,0,0,0,0,0,0,0,0,0,0,0,0,0,0,0,0,0,0,0,0,0,0
America Central and South,Costa Rica,9,8,24,12,7,17,30,9,16,17,39,14,10,6,48,18,17,12,37,12,12,18,34,15,17,11,44,11,12,14,49,14,19,18,52,12,16,13,67,34,14,15,65,20,30,13,64,31,11,19,70,19,15
EU Other,Croatia,"3,909","5,186","3,632","3,822","2,586",94,247,125,107,97,230,110,91,94,231,77,76,82,166,101,55,89,188,76,73,92,150,67,68,76,163,70,53,51,4,0,0,0,0,1,1,1,1,1,1,1,0,0,1,1,0,3,1
America Central and South,Cuba,598,795,588,523,568,850,713,525,539,747,515,423,479,641,418,440,367,508,372,377,411,439,385,313,283,401,364,244,328,389,283,282,349,429,371,252,248,480,365,296,434,534,587,408,350,442,385,312,295,502,484,348,281
America Central and South,Curacao,z,z,z,z,z,z,z,z,z,z,z,z,z,z,z,z,z,z,z,z,z,z,z,z,0,0,0,0,0,0,0,0,0,0,0,0,0,0,0,0,0,0,0,0,0,0,0,0,0,0,0,0,0
EU Other,Cyprus,252,348,337,260,235,298,361,244,213,311,247,188,199,291,225,114,143,123,141,119,123,150,136,102,85,71,144,69,91,136,124,68,76,106,88,98,44,48,87,70,47,62,73,49,69,59,89,66,16,4,10,3,2
Europe Other,Cyprus (Northern part of),0,0,0,0,0,0,0,0,0,0,0,0,0,0,0,0,0,0,0,0,0,0,0,0,0,0,0,0,0,0,0,0,0,0,0,0,0,0,1,0,0,0,0,0,0,2,0,1,56,83,78,82,64
EU 8,Czech Republic,0,2,1,0,1,1,3,5,2,0,1,5,3,8,0,2,0,0,0,0,0,0,0,0,0,0,1,0,0,0,1,0,0,0,0,0,0,0,0,0,0,0,0,1,0,0,0,0,0,0,0,0,0
EU 14,Denmark,0,0,1,0,0,1,0,0,0,0,0,1,0,0,2,0,0,0,1,0,0,1,0,0,0,0,0,0,0,0,0,1,0,0,0,0,0,0,0,0,0,0,0,0,0,0,0,0,0,0,0,0,0
Africa Sub-Saharan,Djibouti,46,112,67,33,48,59,52,41,31,44,72,17,24,29,61,37,32,32,28,19,14,33,40,27,25,24,36,25,50,23,37,24,13,89,25,33,13,28,39,30,17,33,50,26,24,31,33,20,20,41,49,25,21
America Central and South,Dominica,16,14,34,16,28,29,40,18,18,9,25,14,24,12,15,13,14,8,18,9,10,11,20,6,9,9,21,8,16,4,11,18,3,3,12,6,13,7,12,4,4,4,18,11,8,6,23,4,6,12,51,30,13
America Central and South,Dominican Republic,276,547,561,273,317,484,514,232,285,667,569,296,231,535,356,250,313,388,344,253,178,427,306,256,199,437,357,182,195,360,312,218,215,379,401,227,206,512,411,282,275,633,671,324,327,550,570,309,410,731,719,402,475
Asia South East,East Timor,0,0,0,0,0,0,0,0,0,0,0,3,10,4,9,6,6,2,7,2,0,3,3,2,0,0,6,3,1,0,2,0,1,0,12,0,1,2,3,0,0,1,6,1,2,1,3,0,0,1,5,0,0
America Central and South,Ecuador,777,"1,187","1,002",720,775,"1,426","1,257",757,897,"1,255","1,035",697,680,"1,005",962,558,629,737,"1,017",578,610,"1,125",876,500,600,859,735,419,688,857,791,518,582,944,955,526,741,799,"1,242",608,744,"1,373","1,539",581,868,"1,268","1,249",709,"1,114","1,712","1,485",802,"1,179"
Africa North,Egypt,"5,212","8,370","5,950","5,335","5,759","8,972","7,864","6,290","5,798","10,030","7,018","6,077","5,758","8,744","8,059","6,460","6,186","9,943","8,159","7,784","7,693","11,142","9,199","8,150","6,174","11,262","9,985","7,849","7,736","10,017","7,734","8,512","7,996","11,737","7,674","8,654","7,944","9,813","10,310","8,049","7,644","11,159","11,089","8,333","7,423","10,310","11,229","8,595","7,365","8,602","9,052","8,405","7,452"
America Central and South,El Salvador,14,4,19,4,8,5,25,9,11,11,13,5,13,11,19,4,6,6,23,2,2,11,16,9,11,8,18,5,2,7,11,4,6,8,17,5,3,9,20,3,7,11,33,5,6,14,25,13,8,6,32,10,6
Africa Sub-Saharan,Equatorial Guinea,73,47,77,55,36,83,45,97,48,75,50,57,40,67,26,43,65,30,21,35,26,37,55,40,35,48,42,30,30,43,20,41,34,30,45,44,15,29,25,22,30,17,27,16,37,27,32,15,22,21,28,10,20
Africa Sub-Saharan,Eritrea,277,531,344,267,209,484,479,290,303,471,438,238,283,425,355,202,248,434,326,281,296,397,368,331,229,328,321,246,257,283,277,215,282,259,305,238,260,250,307,161,154,200,326,305,338,379,374,383,357,437,500,503,643
EU 8,Estonia,1,2,2,2,2,2,2,1,0,3,8,5,0,0,1,2,0,0,0,0,0,0,0,0,0,0,0,0,1,1,0,0,0,0,0,0,1,1,0,0,0,0,0,0,0,0,0,1,0,0,0,0,0
Africa Sub-Saharan,Ethiopia,"1,011","1,601","1,355",957,827,"1,089","1,015",883,821,"1,137","1,204",795,834,"1,236","1,121",720,673,999,"1,018",725,642,955,"1,035",809,580,870,718,735,761,726,913,723,621,795,791,732,550,721,866,545,598,810,"1,060",638,550,653,705,525,562,818,"1,095",736,710
Other,Falkland Islands (British),0,0,0,0,0,0,0,0,0,0,0,0,0,0,0,0,0,0,0,0,0,0,0,0,0,0,0,0,0,0,0,0,0,0,0,0,0,0,0,0,0,0,0,0,0,0,0,0,0,0,0,0,0
Europe Other,Faroe Islands,0,0,0,0,0,0,0,0,0,0,0,0,0,0,0,0,0,0,0,0,0,0,0,0,0,0,0,0,0,0,0,0,0,0,0,0,0,0,0,0,0,0,0,0,0,0,0,0,0,0,0,0,0
Oceania,Fiji,275,354,388,280,218,353,294,224,230,266,486,271,325,421,336,306,223,337,337,284,228,281,294,264,184,293,287,254,171,200,248,303,165,296,426,509,134,201,217,191,162,297,389,198,160,330,269,312,298,245,273,275,167
EU 14,Finland,0,0,0,0,0,0,0,1,0,1,1,1,1,0,1,1,0,0,0,0,0,0,0,0,0,0,0,0,0,0,0,0,0,0,1,0,0,0,0,0,0,0,0,0,0,0,0,0,0,0,0,2,0
Europe Other,Former Yugoslavia,z,z,z,z,z,z,z,z,"4,253","5,267","4,087","4,422","3,506","5,668","4,083","3,507","2,223","2,154","1,142",585,343,244,151,134,74,56,56,47,12,1,0,2,1,0,0,1,0,1,1,0,0,0,0,0,0,0,0,0,0,1,0,0,0
EU 14,France,0,1,0,1,0,2,1,0,2,1,2,0,2,1,1,0,0,1,0,1,1,0,0,0,0,0,0,0,0,0,0,0,0,0,0,1,0,0,0,0,0,0,1,0,0,0,0,0,6,1,1,1,1
America Central and South,French Guiana,0,0,0,0,0,0,0,0,0,0,0,0,0,0,0,0,0,0,0,0,0,0,0,0,0,0,0,0,0,0,0,0,0,0,0,0,0,0,0,0,0,0,0,0,0,0,0,0,0,0,0,0,0
Oceania,French Polynesia,0,0,0,0,0,0,0,0,0,0,0,0,0,0,0,0,0,0,0,0,0,0,0,0,0,0,0,0,0,0,0,0,0,0,0,0,0,0,0,0,0,0,0,0,0,0,0,0,0,0,0,0,0
Africa Sub-Saharan,Gabon,96,117,121,120,112,147,132,112,117,126,161,101,106,115,94,56,62,72,57,99,70,76,74,52,108,65,74,59,74,96,106,108,69,92,96,74,59,90,77,62,58,73,87,80,55,64,65,53,58,114,70,84,70
Africa Sub-Saharan,"Gambia, The",983,"1,822","1,453",972,879,"1,299","1,594",917,871,"1,021","1,499",823,743,"1,017","1,354",789,675,773,962,622,627,955,"1,033",737,682,668,661,434,469,581,632,392,343,600,687,347,367,431,526,455,335,414,595,335,289,414,507,274,284,311,478,378,371
Europe Other,Georgia,669,"1,024","1,058",864,777,"1,216","1,126","1,119","1,029","1,244","1,360","1,042",823,"1,294","1,355","1,306",868,"1,234","1,489",994,859,"1,166","1,340","1,154",912,"1,300","1,395","1,073","1,006","1,519","1,289","1,030",871,"1,471","1,364","1,142","1,054","1,275","1,467","1,064",886,"1,140","1,767",955,763,"1,204","1,274","1,149",780,"1,335","1,269","1,401",864
EU 14,Germany,1,1,1,1,2,2,4,1,0,2,0,1,4,0,1,2,1,0,1,0,1,1,2,0,1,0,3,1,0,0,1,0,0,0,3,0,0,0,0,0,0,1,0,1,0,1,2,0,0,2,0,0,0
Africa Sub-Saharan,Ghana,"6,230","9,664","8,422","6,080","4,906","8,376","8,224","6,031","4,900","6,945","7,014","4,884","3,954","6,244","6,486","3,944","3,534","4,993","6,048","4,282","3,575","5,842","6,887","4,776","4,705","6,036","7,910","4,926","4,482","6,689","8,598","4,417","3,782","5,937","7,392","3,899","3,647","5,211","5,827","3,849","3,729","4,622","6,383","4,142","2,956","4,891","5,946","3,632","3,049","4,770","6,130","4,324","3,621"
Other,Gibraltar (British),0,0,0,0,0,0,0,0,0,0,0,0,0,0,0,0,0,0,0,0,0,0,0,0,0,0,0,0,0,0,0,0,0,0,0,0,0,0,0,0,0,0,0,0,0,0,0,0,0,0,0,0,0
EU 14,Greece,0,0,0,0,0,0,0,0,0,0,2,1,0,0,0,0,1,0,0,0,0,0,1,0,0,0,0,0,0,0,0,0,0,0,0,0,0,0,0,0,0,0,0,0,0,0,0,0,0,0,0,0,0
Europe Other,Greenland,0,0,0,0,0,0,0,0,0,0,0,0,0,0,0,0,0,0,0,0,0,0,0,0,0,0,0,0,0,0,0,0,0,0,0,0,0,0,0,0,0,0,0,0,0,0,0,0,0,0,0,0,0
America Central and South,Grenada,34,30,55,17,23,26,58,25,31,12,55,20,34,18,38,24,27,8,34,20,15,22,25,14,12,17,35,19,26,11,25,14,14,7,28,16,11,10,14,9,18,7,31,8,9,11,30,4,16,14,33,10,15
America Central and South,Guadeloupe,0,0,0,0,0,0,0,0,0,0,0,0,0,0,0,0,0,0,0,0,0,0,0,0,0,0,0,0,0,0,0,0,0,0,0,0,0,0,0,0,0,0,0,0,0,0,0,0,0,0,0,0,0
Oceania,Guam,0,0,0,0,0,0,0,0,0,0,0,0,0,0,0,0,0,0,0,0,0,0,0,0,0,0,0,0,0,0,0,0,0,0,0,0,0,0,0,0,0,0,0,0,0,0,0,0,0,0,0,0,0
America Central and South,Guatemala,14,14,23,19,11,7,34,15,17,17,22,19,14,18,38,20,12,9,22,12,17,8,25,16,4,5,17,15,3,6,12,5,10,6,14,9,6,7,28,12,3,6,28,9,7,8,38,6,4,6,43,15,2
Africa Sub-Saharan,Guinea,276,379,449,281,298,314,409,329,202,216,259,206,204,226,224,162,127,172,217,202,175,179,191,178,163,133,147,161,154,157,142,107,121,171,134,85,89,116,157,100,94,107,146,132,164,111,140,120,117,130,149,140,141
Africa Sub-Saharan,Guinea-Bissau,27,34,41,59,45,62,72,69,42,32,73,35,27,27,30,30,30,26,27,30,36,33,49,41,27,23,29,29,17,17,16,20,25,17,39,36,22,34,30,36,29,42,37,33,15,16,29,31,22,23,20,30,35
America Central and South,Guyana,577,935,833,593,546,779,788,618,493,638,721,421,312,446,381,253,239,330,321,192,163,291,340,202,196,255,250,165,170,295,248,159,162,313,317,127,125,254,233,187,144,263,325,176,178,306,275,167,174,373,322,219,225
America Central and South,Haiti,60,90,106,48,61,96,72,59,68,83,66,35,42,72,66,40,44,54,60,43,34,85,58,51,41,51,50,52,44,67,64,31,34,62,76,29,36,58,66,33,37,116,66,39,55,71,66,46,55,89,71,48,59
Oceania,Heard Island and McDonald Islands,0,0,0,0,0,0,0,0,0,0,0,0,0,0,0,0,0,0,0,0,0,0,0,0,0,0,0,0,0,0,0,0,0,0,0,0,0,0,0,0,0,0,0,0,0,0,0,0,0,0,0,0,0
America Central and South,Honduras,10,4,21,13,10,5,12,9,7,11,23,8,6,6,13,8,8,8,21,9,18,3,18,8,11,4,27,6,7,7,24,9,9,7,23,6,8,6,19,15,7,6,26,18,10,10,30,13,11,13,30,8,12
Asia East,Hong Kong,476,850,"4,693",695,571,824,"4,828",599,619,753,"4,923",592,432,676,"5,111",529,420,470,"5,641",546,420,959,"6,355",605,453,980,"6,669",570,486,"1,031","7,790",749,483,996,"8,949",706,573,"1,312","9,083","1,054",728,"1,216","9,058","1,061",675,"1,277","8,916","1,156",813,"1,308","9,185","1,233",715
EU 8,Hungary,1,1,3,9,1,3,0,6,3,0,1,0,1,0,2,0,0,0,1,0,0,0,1,0,0,0,0,0,0,0,0,0,0,0,0,0,0,0,0,0,0,0,1,0,0,1,0,1,0,0,0,0,0
Europe Other,Iceland,3,1,2,0,0,0,0,0,0,0,1,1,6,1,2,1,0,3,3,0,0,2,0,1,2,0,1,1,0,0,0,0,0,0,1,0,1,1,1,0,0,2,0,0,0,1,0,0,0,0,0,0,0
Asia South,India,"82,224","135,095","95,523","66,496","92,101","152,718","118,349","74,808","99,891","142,160","112,833","65,827","86,562","137,453","110,188","65,045","78,503","131,930","114,827","81,677","86,889","142,485","120,185","70,454","91,581","146,972","112,232","56,977","85,647","138,405","98,874","57,553","82,035","152,923","107,738","58,044","84,145","147,105","110,705","68,338","93,977","173,806","117,945","70,004","99,208","179,131","127,353","74,312","103,770","197,975","142,175","82,084","110,114"
Asia South East,Indonesia,"3,149","6,220","4,693","3,797","3,055","6,276","4,908","4,468","3,312","6,894","6,128","4,371","2,964","6,851","6,030","3,420","3,039","6,179","6,355","5,054","3,777","8,409","8,414","5,971","4,988","10,918","10,421","6,792","6,117","10,437","9,623","8,203","5,930","12,455","11,710","8,514","5,920","12,044","11,442","9,046","6,094","12,675","10,892","8,346","7,767","14,914","12,615","12,703","12,400","18,011","13,944","13,076","10,418"
Middle East,Iran,"7,235","10,498","9,460","7,185","8,473","11,679","13,427","7,742","8,147","9,915","11,419","6,935","6,481","7,881","10,266","7,786","7,301","8,175","3,969","2,649","3,215","5,381","8,354","6,680","6,470","7,244","9,075","4,360","2,443","2,899","3,494","2,541","2,472","2,847","3,108","2,212","2,098","2,391","3,337","2,348","2,330","2,845","3,335","2,103","1,908","2,576","3,804","2,710","2,919","3,258","4,413","3,276","3,119"
Middle East,Iraq,"1,752","2,531","2,465","1,815","2,059","3,114","3,478","1,316","1,150","1,440","1,929","1,478","1,493","1,887","2,248","2,028","2,476","2,576","2,438","1,774","1,360","1,775","2,370","1,390","2,110","2,343","3,007","2,213","2,153","2,538","2,855","2,450","2,572","3,009","4,050","3,236","2,848","3,062","2,900","2,653","1,353","1,273","1,284","1,061",970,"1,101","1,367","1,135","1,327","1,329","1,748","1,314","1,346"
EU 14,Ireland,0,4,2,0,1,2,4,2,3,1,1,0,1,0,0,1,0,1,0,0,0,0,0,0,0,0,3,1,0,0,2,0,1,1,2,1,0,0,1,1,0,0,0,1,0,0,0,0,1,0,0,0,0
Middle East,Israel,449,841,"1,432",484,400,570,754,324,328,354,616,361,321,216,529,275,223,196,492,208,178,239,441,213,178,207,333,129,156,202,414,178,147,198,464,210,174,223,382,182,168,224,375,184,161,256,461,162,138,207,417,200,136
EU 14,Italy,0,0,1,1,0,0,0,0,0,1,1,2,1,0,1,0,0,0,1,3,1,0,2,0,1,0,0,0,1,0,0,1,1,0,0,0,0,0,1,0,0,0,0,0,0,0,1,0,0,0,0,2,0
Africa Sub-Saharan,Ivory Coast,494,666,733,574,462,638,771,697,522,577,660,532,453,580,597,421,363,474,602,398,395,449,648,373,314,374,578,391,320,431,603,272,373,468,496,389,296,403,525,358,317,459,547,341,284,397,480,362,337,409,516,347,340
America Central and South,Jamaica,"2,469","3,697","2,828","1,857","1,967","3,316","2,968","2,050","2,294","2,734","3,155","2,123","2,127","3,486","2,515","1,847","1,770","2,502","2,553","1,767","1,715","2,546","2,547","1,627","1,586","2,049","2,277","1,456","1,590","2,407","2,215","1,285","1,317","2,053","1,903","1,117","1,199","1,992","1,842","1,265","1,220","2,087","2,100","1,192","1,392","2,340","1,908","1,197","1,363","2,623","2,378","1,402","1,440"
Asia East,Japan,"3,924","3,628","5,082","2,077","3,895","3,453","4,994","2,058","3,698","3,021","4,314","1,807","2,655","3,178","3,951","1,629","2,452","2,824","3,540","1,258","3,193","1,938","3,182","1,209","3,340","2,144","3,585","1,069","3,008","2,321","3,457","1,156","2,324","2,292","3,822","1,287","2,168","2,252","3,905","1,390","2,243","2,189","3,687","1,349","2,128","2,087","3,604","1,263","2,046","2,255","3,606","1,340","1,982"
Middle East,Jordan,"2,248","3,794","3,173","2,409","2,502","3,831","4,052","2,431","2,192","3,476","3,483","2,446","2,186","3,388","3,501","2,515","2,346","3,584","3,293","2,516","2,028","3,322","3,628","2,413","2,414","3,825","3,611","2,601","2,620","3,759","3,198","2,786","2,492","4,227","4,421","3,080","2,867","3,965","4,515","3,000","2,668","3,836","4,854","2,806","2,710","4,213","4,939","3,063","3,027","4,361","4,819","3,446","3,104"
Asia Central,Kazakhstan,"1,461","3,203","2,650","2,021","1,970","4,525","3,793","2,914","2,394","5,173","4,155","2,936","2,228","3,670","4,677","2,501","2,171","3,950","4,048","2,525","2,251","4,283","4,649","2,754","2,296","4,906","4,796","3,530","2,718","5,277","4,680","3,857","2,688","6,397","4,808","3,663","2,940","6,612","4,590","3,399","2,556","5,892","4,514","2,610","2,032","4,023","3,518","2,805","2,523","5,044","3,941","2,871","2,664"
Africa Sub-Saharan,Kenya,"2,742","4,751","4,627","2,873","2,879","4,961","4,677","3,262","2,808","4,613","4,484","3,063","2,827","4,695","4,809","3,006","2,802","4,372","4,493","2,717","2,573","4,246","4,454","2,717","2,633","4,476","4,479","2,611","2,707","3,716","4,530","2,753","2,383","4,246","4,467","2,895","2,828","4,516","5,111","2,733","2,654","4,371","5,396","2,764","2,220","4,004","5,277","2,997","3,013","4,427","5,774","3,199","3,077"
Oceania,Kiribati,1,1,0,0,0,1,0,0,0,0,0,0,2,0,0,0,0,0,1,0,0,0,0,0,1,0,1,0,0,0,0,0,2,3,0,1,1,0,1,1,0,0,0,0,0,0,2,1,0,0,0,0,0
Asia East,Korea (North),13,5,9,5,8,8,4,5,7,6,5,2,4,4,10,5,4,2,7,8,1,9,8,1,4,0,3,1,0,0,4,12,3,3,8,0,2,4,6,2,6,6,0,3,1,7,12,9,0,34,20,2,6
Asia East,Korea (South),"2,582","2,443","3,785","2,046","2,806","2,100","3,365","1,714","2,599","1,782","3,411","1,656","2,084","1,773","3,664","1,437","1,489","1,243","3,830","1,406","2,254","1,395","3,924","1,483","1,860","1,619","3,912","1,084","1,555","1,471","3,976","1,302","1,255","2,122","4,480","1,266","1,294","1,899","4,148","1,372","1,333","1,638","4,310","1,283","1,078","1,591","4,363","1,322","1,185","1,622","4,581","1,152","1,028"
Europe Other,Kosovo,z,z,z,z,z,z,z,z,0,0,7,37,24,16,18,124,458,425,418,882,747,781,630,"1,105",976,926,620,949,962,728,519,"1,088","1,009",782,647,"1,126",984,702,461,979,944,752,609,"1,153",891,658,576,"1,153",992,631,581,"1,139",966
Middle East,Kuwait,"5,798","14,978","13,353","6,556","7,269","11,528","16,155","6,066","6,878","11,092","12,456","5,528","6,915","14,560","12,886","6,474","9,200","14,114","13,156","7,998","8,972","17,133","13,203","8,886","10,503","22,422","16,525","10,438","12,295","17,838","20,860","12,787","16,310","23,100","33,270","16,969","20,386","23,225","31,651","15,905","17,043","27,424","28,725","18,216","12,074","5,975","7,242","2,461","2,119","3,029","5,251","2,082","1,807"
Asia Central,Kyrgyzstan,153,199,202,262,229,348,265,231,263,290,254,244,193,214,280,222,188,228,325,201,161,191,222,169,138,211,303,163,192,219,232,202,117,221,260,204,219,266,263,183,146,275,274,188,183,324,225,224,205,297,366,281,245
Asia South East,Laos,25,45,38,38,26,39,35,22,19,34,39,38,29,34,48,39,22,41,50,31,30,63,37,23,23,65,29,34,40,96,56,34,59,122,92,54,104,164,176,119,61,167,191,104,107,183,168,129,99,244,231,135,92
EU 8,Latvia,5,7,11,3,4,5,9,5,9,6,6,5,6,4,8,1,4,1,6,5,1,7,0,4,2,3,3,3,1,3,1,2,1,1,0,2,1,1,3,0,0,5,0,3,0,1,2,1,1,0,1,2,0
Middle East,Lebanon,"2,539","3,942","3,182","2,744","2,804","3,692","2,841","3,206","2,775","3,905","3,244","2,548","2,382","3,112","2,839","2,522","2,515","3,011","2,896","2,866","2,557","3,298","3,272","2,935","2,661","3,806","3,430","2,777","2,863","3,478","3,148","3,093","3,108","4,381","4,683","3,451","3,515","5,392","4,075","3,995","3,672","4,302","4,414","4,031","3,299","4,828","4,499","4,693","4,205","5,451","4,275","4,622","4,061"
Africa Sub-Saharan,Lesotho,15,30,34,26,53,20,28,19,15,11,23,7,12,13,21,5,13,30,111,59,51,88,104,54,77,86,99,39,42,55,78,49,49,72,88,48,69,97,78,58,41,70,92,58,63,90,64,50,40,70,50,31,54
Africa Sub-Saharan,Liberia,119,137,144,139,96,156,129,116,107,140,117,94,93,127,107,103,69,124,86,80,67,99,102,72,70,100,97,62,57,77,125,88,60,102,100,82,72,91,74,50,74,87,84,71,63,85,83,54,55,81,93,64,39
Africa North,Libya,"2,912","4,348","4,458","3,090","3,223","4,215","5,797","3,175","2,429","3,352","4,031","1,962","3,047","4,576","5,662","3,182","3,435","3,450","4,361","4,356","3,822","5,791","6,091","4,347","2,391",379,266,359,"1,184","1,975","4,470","3,111","3,974","4,545","4,330","3,635","4,670","5,300","2,449","1,304",863,619,636,503,383,412,546,592,607,544,715,538,448
Europe Other,Liechtenstein,0,0,0,0,0,0,0,0,0,0,0,0,0,0,0,0,0,0,0,0,0,0,0,0,0,0,0,0,0,0,0,0,0,0,0,0,0,0,0,0,0,0,0,0,0,0,0,0,0,0,0,0,0
EU 8,Lithuania,0,2,1,1,0,1,0,0,1,0,2,0,1,1,0,0,0,0,2,1,0,0,0,0,0,0,0,0,0,0,0,0,0,0,0,0,0,0,0,0,0,0,0,0,0,0,0,0,0,0,0,0,0
EU 14,Luxembourg,0,0,0,0,0,0,0,0,0,0,0,0,0,0,0,0,0,0,0,0,0,0,0,0,0,0,0,0,0,0,1,0,0,0,0,0,0,0,0,0,0,0,0,0,0,0,0,0,0,0,0,0,0
Asia East,Macau,12,21,61,11,7,23,63,11,6,20,79,12,7,20,99,15,10,10,108,14,6,17,132,19,11,7,158,9,9,19,146,16,12,16,170,19,12,23,194,31,11,21,239,29,12,21,259,20,18,35,272,19,9
Europe Other,Macedonia,575,854,731,653,593,"1,007",877,834,977,"1,021",830,720,809,984,863,820,750,889,868,746,672,918,833,817,669,"1,065",870,839,702,891,827,739,738,944,970,824,963,750,708,748,718,842,821,794,777,871,827,845,852,905,858,943,970
Africa Sub-Saharan,Madagascar,80,135,118,77,84,108,116,80,116,117,91,106,76,163,121,73,71,96,94,91,83,121,111,69,98,134,78,77,81,121,102,80,75,115,113,98,89,121,107,76,86,103,131,114,86,95,124,117,98,145,206,137,126
Africa Sub-Saharan,Malawi,350,278,551,273,307,751,892,752,646,809,"1,165",860,466,661,668,451,379,556,750,474,347,522,655,438,360,575,606,325,368,453,595,363,350,478,645,391,216,441,562,377,256,485,567,362,229,421,578,433,311,422,573,433,384
Asia South East,Malaysia,"1,251","1,351","4,118","1,190","1,155","1,155","4,773","1,488","1,423","1,490","5,653","1,772","1,548","1,344","5,443","1,577","1,045",889,"5,944","1,063",820,740,"5,794","1,252",807,740,"6,319","1,048",835,709,"6,730","1,169",851,740,"8,661","1,270",945,707,"9,300","1,288",978,673,"8,860","1,086",729,626,"7,587",944,708,461,"7,202",874,590
Asia South,Maldives,3,5,114,21,19,9,108,23,6,4,86,18,14,12,92,13,14,7,56,21,1,1,81,17,14,3,69,16,10,5,56,12,14,6,90,11,18,2,94,17,13,5,84,17,9,2,82,16,11,4,105,11,8
Africa Sub-Saharan,Mali,160,166,173,115,146,214,188,137,124,154,156,104,112,144,177,138,76,158,117,101,73,101,140,101,63,111,114,83,85,94,132,84,77,121,104,91,63,86,147,91,67,114,116,75,69,103,104,87,88,103,118,108,69
EU Other,Malta,6,10,13,4,5,1,2,1,1,0,0,0,0,0,0,0,0,0,0,0,0,0,0,0,0,0,0,0,0,0,0,0,0,0,0,0,0,0,0,0,0,0,1,0,0,0,0,0,0,0,0,0,0
Oceania,Marshall Islands,1,1,0,0,0,0,0,0,0,0,1,0,0,0,0,0,0,0,0,0,0,0,0,0,0,0,0,0,1,0,0,0,0,0,0,0,0,0,1,0,0,0,1,0,0,1,0,0,0,0,0,0,0
America Central and South,Martinique,0,0,0,0,0,0,0,0,0,0,0,0,0,0,0,0,0,0,0,0,0,0,0,0,0,0,0,0,0,0,0,0,0,0,0,0,0,0,0,0,0,0,0,0,0,0,0,0,0,0,0,0,0
Africa North,Mauritania,58,111,87,46,64,113,112,50,98,68,66,46,48,56,46,52,30,34,39,32,37,35,29,50,31,57,52,57,34,61,64,57,59,56,90,56,51,58,70,46,39,46,92,41,51,42,75,45,41,55,116,42,52
Africa Sub-Saharan,Mauritius,639,"1,104","1,186",663,589,704,"1,180",656,543,613,"1,024",546,485,554,953,513,358,377,863,335,293,306,766,224,216,208,625,164,166,107,498,142,95,90,509,146,84,90,542,144,107,78,464,115,79,89,471,115,85,95,478,100,99
Africa Sub-Saharan,Mayotte,0,0,0,0,0,0,0,0,0,0,0,0,0,0,0,0,0,0,0,0,0,0,0,0,0,0,0,0,0,0,0,0,0,0,0,0,0,0,0,0,0,0,0,0,0,0,0,0,0,0,0,0,0
America Central and South,Mexico,316,317,"1,212",386,368,460,"1,240",394,317,467,"1,339",393,357,391,"1,220",362,364,185,947,339,314,287,995,344,284,285,"1,147",294,236,284,"1,066",337,222,245,"1,164",314,248,240,"1,365",379,231,297,"1,604",320,278,372,"1,469",302,285,275,"1,435",340,268
Oceania,Micronesia,0,0,0,0,0,0,0,0,1,0,1,0,0,0,1,0,0,0,0,0,0,0,1,0,0,0,1,1,0,0,0,0,0,0,0,0,0,1,0,0,0,0,0,0,1,0,0,0,0,0,0,0,0
Europe Other,Moldova,520,"1,482",818,456,849,"1,204",905,573,700,"1,191",710,521,382,440,453,416,377,439,403,375,287,443,445,401,358,492,435,398,295,496,370,402,299,428,450,407,267,343,408,322,294,370,342,315,246,417,322,312,378,352,411,458,385
Europe Other,Monaco,0,0,0,2,0,0,4,0,1,1,3,1,0,2,4,1,1,0,0,1,0,0,8,2,2,1,6,2,1,2,7,5,2,1,3,1,1,0,9,5,4,3,6,0,2,0,8,2,1,2,2,3,0
Asia East,Mongolia,253,308,325,331,272,404,374,484,420,709,760,798,306,457,473,362,371,504,470,472,329,400,344,417,311,407,430,360,359,649,603,451,409,502,602,540,381,466,438,469,387,390,514,510,367,565,601,482,372,487,525,510,295
Europe Other,Montenegro,z,z,z,z,z,z,z,z,0,0,1,6,4,84,182,257,149,331,271,371,226,483,620,549,256,485,671,378,306,542,451,367,288,554,630,507,398,415,331,256,233,307,288,268,309,365,249,273,272,330,317,358,273
Other,Montserrat (British),0,0,0,0,0,0,0,1,0,0,0,0,0,0,0,1,0,0,1,0,0,0,0,0,0,0,0,0,0,0,0,0,0,0,0,0,0,0,0,0,0,0,0,0,0,0,0,0,0,0,0,0,0
Africa North,Morocco,"3,198","4,366","3,924","3,098","3,515","4,475","4,381","2,802","2,537","3,406","2,894","2,373","2,441","2,933","2,268","2,188","2,366","2,765","2,653","2,650","2,489","2,542","2,893","2,569","2,829","3,346","3,048","2,843","3,105","3,472","2,955","3,683","3,511","3,488","3,829","3,686","3,268","3,572","4,456","3,426","4,153","4,256","4,302","3,551","3,784","4,330","4,509","3,873","4,151","4,334","4,650","4,235","4,377"
Africa Sub-Saharan,Mozambique,153,273,271,174,180,205,233,175,127,176,208,148,123,228,196,166,143,197,219,156,109,197,215,197,107,201,216,145,149,304,328,193,159,243,385,233,143,388,399,245,152,283,385,186,148,214,291,174,178,224,344,184,211
Africa Sub-Saharan,Namibia,170,28,80,35,53,39,69,40,58,24,44,44,35,33,50,63,32,17,61,36,32,22,62,21,24,30,50,25,21,34,40,21,16,23,41,20,40,25,68,19,17,26,67,25,18,10,59,34,24,17,90,28,32
Oceania,Nauru,0,0,0,0,2,0,0,0,0,0,1,1,0,0,0,0,0,0,1,0,0,0,0,0,0,0,0,0,0,0,0,0,0,0,0,0,0,0,0,0,0,0,0,0,0,0,0,0,0,0,0,0,0
Asia South,Nepal,"1,958","3,474","3,326","2,855","2,950","4,207","6,161","4,703","3,815","3,780","3,295","2,409","1,814","1,942","2,015","1,340","1,592","2,805","9,766","8,319","3,989","3,726","3,961","3,016","3,497","3,509","3,306","1,738","2,330","2,813","2,665","1,834","1,764","2,431","2,467","1,394","1,758","2,634","2,536","1,656","1,848","1,837","3,395","2,027","1,985","3,028","3,006","1,847","1,910","2,801","3,328","2,093","1,925"
EU 14,Netherlands,3,2,1,2,1,1,0,0,0,1,2,0,1,2,1,0,0,1,0,1,0,0,0,0,0,0,0,0,2,0,0,0,1,0,0,0,0,0,0,0,0,0,0,0,0,0,0,1,0,0,0,0,1
America Central and South,Netherlands Antilles,0,0,0,0,0,0,0,0,0,0,0,0,0,0,0,0,0,0,0,0,0,0,0,0,z,z,z,z,z,z,z,z,z,z,z,z,z,z,z,z,z,z,z,z,z,z,z,z,z,z,z,z,z
Oceania,New Caledonia,0,0,0,0,0,0,0,0,0,0,0,0,0,0,0,0,0,0,0,0,0,0,0,0,0,0,0,0,0,0,0,0,0,0,0,0,0,0,0,0,0,0,0,0,0,0,0,0,0,0,0,0,0
Oceania,New Zealand,"3,432","3,599","2,423","2,150","3,460","3,650","2,631","2,318","3,816","3,312","2,225","1,773","2,204","3,351","2,125","1,959","2,269","2,016","1,326","1,164","2,493","1,900","1,525","1,181","2,312","1,898","1,331","1,283","2,043","1,845","1,136","1,132","1,863","1,876","1,391","1,106","1,714","2,195","1,472","1,358","2,431","2,497","1,815","1,355","2,070","2,144","1,421","1,079","1,896","1,913","1,569","1,062","1,773"
America Central and South,Nicaragua,3,6,6,5,4,3,12,3,5,8,11,5,6,9,11,7,10,2,7,3,7,6,9,3,4,5,11,4,1,3,5,3,0,5,6,4,2,3,12,4,8,5,17,4,1,6,11,4,2,4,23,2,4
Africa Sub-Saharan,Niger,42,48,49,35,29,75,62,41,47,71,58,61,29,67,46,34,53,40,30,30,30,52,43,37,35,55,27,38,42,123,49,33,25,67,48,37,23,47,47,37,30,41,35,31,31,27,29,31,24,41,48,26,28
Africa Sub-Saharan,Nigeria,"35,449","41,088","37,705","24,693","22,736","31,003","37,349","28,838","27,789","30,237","35,551","23,980","22,713","30,014","35,613","24,397","22,630","30,141","38,641","24,979","22,654","33,943","39,361","29,807","29,026","35,244","44,763","28,459","29,334","34,957","40,240","24,300","25,286","32,454","47,258","26,158","21,998","33,539","42,866","24,564","24,105","26,002","32,798","20,769","15,936","21,024","22,282","13,448","12,506","16,951","24,419","17,390","14,704"
Oceania,Niue,0,0,0,0,0,0,0,0,0,0,0,0,0,0,0,0,1,0,0,0,1,0,0,0,0,0,0,0,0,0,0,0,0,0,0,0,0,0,0,0,0,0,1,0,0,0,0,0,0,0,0,0,0
Oceania,Norfolk Island,0,0,0,0,0,0,0,0,0,0,0,0,0,0,0,0,0,0,0,0,0,0,0,0,0,0,0,0,0,0,0,0,0,0,0,0,0,0,0,0,0,0,0,0,0,0,0,0,0,0,0,0,0
Oceania,Northern Mariana Islands,0,0,0,0,0,0,0,0,0,0,0,0,0,0,0,0,0,0,0,0,0,0,0,0,0,0,0,0,0,0,0,0,0,0,0,0,0,0,0,0,0,0,0,0,0,0,0,0,0,0,0,0,0
Europe Other,Norway,0,1,0,1,0,1,3,0,1,0,0,0,3,1,4,5,3,0,0,0,0,1,1,0,0,0,0,0,0,0,0,0,0,0,2,0,0,0,0,0,0,0,0,0,0,0,0,0,0,0,1,0,0
Middle East,Occupied Palestinian Territories,441,930,694,489,430,858,669,466,415,599,600,370,406,758,823,541,541,788,716,605,532,719,849,565,541,927,798,546,595,865,808,571,593,"1,011","1,071",696,643,918,851,503,472,835,975,526,487,782,980,596,637,880,"1,044",707,740
Middle East,Oman,"1,076","2,609","2,150",898,"1,054","2,508","2,759",826,"1,004","2,659","2,577","1,083","1,306","3,982","3,011","1,104","1,413","2,826","2,512","1,234","1,304","3,376","2,642","1,306","1,529","3,572","1,720",415,"1,800","4,627","3,493","2,185","2,082","5,467","4,795","2,687",558,677,"2,564",760,650,877,"2,326",944,628,693,"1,935",550,421,585,"1,955",556,394
Other,Other and unknown,"1,789","2,490","2,291","1,734","1,550","1,906","2,528","1,862","2,005","2,384","2,217","1,686","1,461","1,264","1,212","1,305",751,927,682,835,507,748,742,658,608,710,595,620,520,661,658,669,491,646,622,617,907,732,616,580,406,534,476,521,466,558,597,461,473,482,474,437,365
Asia South,Pakistan,"31,078","47,271","35,443","26,128","31,647","53,436","48,560","28,523","30,579","38,495","35,036","22,748","24,660","35,335","29,073","14,940","19,961","22,709","19,454","21,708","15,215","23,914","31,398","25,925","35,381","38,454","31,085","19,888","19,468","22,407","23,907","16,814","15,880","23,738","25,141","14,654","15,892","23,454","23,269","13,486","12,989","19,950","18,824","11,048","11,438","18,011","17,793","12,558","15,143","21,817","21,975","18,703","17,565"
Oceania,Palau,0,0,0,0,0,0,0,0,0,0,0,0,0,0,0,0,0,0,0,0,0,0,0,0,0,0,0,0,0,0,0,0,0,0,0,0,0,0,0,0,0,0,0,0,0,0,0,0,0,0,0,0,0
America Central and South,Panama,14,15,22,13,8,7,26,8,11,13,30,9,10,23,34,16,8,10,24,12,11,13,20,6,6,5,19,4,13,9,27,6,12,5,24,9,4,7,31,4,11,10,38,10,11,8,40,14,2,8,57,7,12
Oceania,Papua New Guinea,17,7,14,11,9,8,11,7,2,5,8,1,6,3,28,7,5,6,22,12,7,2,9,3,6,3,6,6,7,0,6,5,2,1,2,11,5,7,21,12,3,3,8,9,7,6,6,9,2,3,8,0,2
America Central and South,Paraguay,11,9,20,10,9,6,21,9,11,13,28,10,6,11,28,9,9,8,14,12,8,10,18,5,14,9,19,7,6,8,11,5,6,7,15,15,7,11,15,3,14,7,23,12,10,10,55,7,11,15,44,15,12
America Central and South,Peru,"1,080","1,513","1,306","1,172","1,230","1,643","1,633","1,339","1,287","1,785","1,589","1,169","1,093","1,464","1,369",950,874,"1,330","1,413","1,051",997,"1,465","1,288","1,137","1,031","1,626","1,410",935,"1,082","1,681","1,419","1,238","1,082","1,814","1,615","1,260","1,044","1,920","1,963","1,443","1,450","2,440","2,262","1,525","1,538","2,701","2,268","1,888","1,894","3,168","2,583","2,005","1,962"
Asia South East,Philippines,"9,061","14,812","11,714","8,951","9,827","15,598","14,549","9,420","10,803","14,500","12,553","9,985","9,825","16,162","13,626","9,984","9,489","14,566","14,549","9,294","9,962","14,544","12,786","8,457","10,240","14,719","11,615","8,081","11,193","14,451","10,711","9,112","9,512","14,601","12,611","9,018","12,525","16,587","14,997","10,811","13,338","18,299","15,414","11,934","13,020","20,687","17,105","13,100","15,913","21,525","18,200","13,166","14,397"
Other,Pitcairn Islands (British),0,1,0,0,0,0,1,0,0,0,0,0,0,0,0,0,0,0,0,0,0,0,0,0,0,0,0,0,0,0,0,0,0,0,0,0,0,0,0,0,0,0,0,0,0,0,0,0,0,0,0,0,0
EU 8,Poland,3,0,0,3,2,1,7,1,0,0,4,4,0,0,3,0,0,3,0,0,1,2,0,1,0,0,1,0,0,0,2,1,0,0,0,0,0,0,0,0,0,0,0,0,0,0,0,0,1,2,1,1,0
EU 14,Portugal,0,0,0,0,0,0,0,0,1,0,0,0,2,0,2,0,1,0,0,0,0,0,2,0,0,0,0,0,0,0,0,0,0,0,0,0,0,0,0,0,0,0,0,0,0,0,0,0,0,0,1,0,0
America North,Puerto Rico,0,0,0,0,0,0,0,0,0,0,0,0,0,0,0,0,0,0,0,0,0,0,0,0,0,0,0,0,0,0,0,0,0,0,0,0,0,0,0,0,0,0,0,0,0,0,0,0,0,0,0,0,0
Middle East,Qatar,"1,170","2,966","3,204","1,051","1,550","5,053","4,397","1,360","1,385","4,255","5,334","1,329","1,678","5,132","5,828","1,610","2,101","3,579","3,283","2,084","2,458","5,519","5,000","2,415","3,013","5,372","4,448","2,991","3,999","5,324","6,715","3,995","5,259","7,271","9,648","4,210","1,988","2,352","4,611","2,057","2,256","2,773","4,043","1,964","2,120","2,671","3,446","1,732","1,986","1,777","2,551","1,597","1,504"
Other,Refugee,334,505,585,335,267,423,547,311,243,395,248,922,749,"1,118","1,302",880,890,"1,018","1,465","1,003",871,955,"1,193",681,603,718,"1,086",675,628,768,853,684,643,881,"1,044",720,596,755,"1,139",828,648,"1,102","1,392",926,767,"1,213","1,435",959,966,"1,289","1,522",970,"1,010"
Africa Sub-Saharan,Reunion,0,0,0,0,0,0,0,0,0,0,0,0,0,0,0,0,0,0,0,0,0,0,0,0,0,0,0,0,0,0,0,0,0,0,0,0,0,0,0,0,0,0,0,0,0,0,0,0,0,0,0,0,0
EU 2,Romania,"7,247","10,582","9,461","8,299","8,462","11,731","10,667","6,873",24,10,8,3,16,7,15,9,10,9,12,5,4,4,6,1,6,5,8,3,5,3,4,1,4,7,4,1,0,4,1,0,1,0,0,0,0,0,0,0,0,5,5,4,1
Europe Other,Russia,"27,856","47,812","33,055","30,643","29,965","51,667","38,217","36,198","33,499","52,703","41,562","30,970","25,930","48,745","35,783","28,643","23,741","38,163","31,444","27,094","23,563","47,434","35,728","35,861","32,595","58,704","50,486","33,629","39,023","65,424","44,890","40,238","45,646","87,994","49,339","44,490","51,389","66,785","44,678","33,969","26,694","40,225","30,489","24,854","22,765","37,030","29,815","27,373","33,600","55,012","33,599","32,398","36,486"
Africa Sub-Saharan,Rwanda,87,157,153,118,125,168,236,168,156,197,285,155,146,244,251,185,131,181,242,121,186,198,212,200,130,206,156,154,123,164,219,138,108,482,199,155,154,236,255,282,138,243,249,241,129,192,188,228,234,288,362,312,306
Oceania,Samoa,3,4,15,5,4,5,11,8,2,3,5,4,3,3,2,0,1,2,2,7,2,1,4,5,6,3,3,8,3,2,6,1,7,2,11,5,7,2,11,1,4,3,2,5,0,1,4,0,1,0,2,1,1
Europe Other,San Marino,0,0,1,0,1,1,2,0,0,0,3,0,0,1,0,0,1,0,1,1,0,0,2,0,1,1,1,0,0,0,0,0,0,2,0,1,0,0,0,0,1,0,2,0,0,0,0,1,0,0,1,0,0
Africa Sub-Saharan,Sao Tome and Principe,36,28,41,51,41,37,44,57,19,38,34,22,13,18,27,13,12,15,18,15,8,14,14,8,9,8,20,6,4,6,8,10,5,8,12,12,15,20,12,19,11,15,12,36,9,8,10,5,13,12,13,10,4
Middle East,Saudi Arabia,"5,164","15,675","10,403","4,533","5,437","16,265","15,579","5,839","6,564","17,426","17,243","6,511","9,785","20,447","23,943","9,574","16,212","26,395","20,909","12,415","13,107","26,191","25,517","12,206","14,586","35,853","22,173","13,137","17,647","36,535","23,818","16,625","18,976","40,194","33,354","17,698","22,937","41,724","36,558","15,207","22,422","41,041","39,806","18,383","21,134","42,512","51,293","17,918","22,839","41,870","41,183","18,747","21,021"
Africa Sub-Saharan,Senegal,406,508,635,480,428,520,717,460,461,573,641,524,410,615,716,458,334,382,469,363,324,410,599,356,318,426,322,385,323,335,431,240,269,444,346,235,273,276,384,284,295,373,378,282,271,329,364,218,310,360,415,313,281
Europe Other,Serbia,z,z,z,z,z,z,z,z,0,0,288,103,100,91,143,667,"1,125","2,289","2,493","2,881","2,347","3,887","3,388","3,554","2,746","3,914","3,930","3,300","3,248","4,018","3,463","2,990","2,555","4,697","3,575","2,827","3,315","3,676","2,963","2,760","2,568","3,744","2,686","2,860","2,793","3,896","2,944","3,044","3,129","3,736","2,943","3,767","3,240"
Europe Other,Serbia and Montenegro,"4,265","6,164","4,446","4,797","4,126","5,738","4,981","5,410",z,z,z,z,z,z,z,z,z,z,z,z,z,z,z,z,z,z,z,z,z,z,z,z,z,z,z,z,z,z,z,z,z,z,z,z,z,z,z,z,z,z,z,z,z
Africa Sub-Saharan,Seychelles,56,63,66,32,36,40,88,27,45,47,78,18,23,33,53,27,19,21,87,15,21,38,67,14,17,20,47,16,13,17,48,14,18,12,52,18,16,16,65,15,19,20,74,16,24,21,79,10,18,26,62,12,14
Africa Sub-Saharan,Sierra Leone,936,"1,633","1,795","1,382","1,139","1,604","2,163","1,266","1,041","1,284","1,436",831,599,989,"1,203",698,565,745,"1,138",821,527,833,"1,237",678,456,705,908,511,399,726,828,468,412,780,884,413,413,706,824,395,347,480,693,388,390,543,678,364,353,476,763,476,396
Asia South East,Singapore,265,297,"1,046",246,266,302,"1,215",313,295,292,"1,176",292,248,229,"1,320",275,216,168,"1,531",230,187,169,"1,916",316,258,248,"2,264",281,244,314,"2,502",328,241,337,"2,951",353,278,322,"2,946",338,301,308,"2,853",351,263,379,"2,687",356,280,313,"2,732",382,241
EU 8,Slovakia,3,1,0,4,0,2,0,2,1,0,0,1,0,2,0,0,0,0,0,0,0,0,0,0,0,0,0,0,0,0,0,0,0,0,0,0,0,0,0,0,0,0,0,0,0,0,0,0,0,0,0,0,1
EU 8,Slovenia,0,1,0,0,0,0,0,0,0,1,0,2,0,3,2,0,0,0,0,0,0,0,0,0,0,0,1,0,0,0,0,0,0,0,0,0,0,0,0,0,0,0,0,0,0,0,0,0,0,0,0,0,0
Oceania,Solomon Islands,5,1,3,7,0,1,2,4,1,0,2,7,0,2,6,0,0,0,4,2,0,0,0,2,0,0,2,0,2,0,1,2,1,0,2,1,2,0,2,3,0,0,3,0,0,1,7,0,1,2,2,2,0
Africa Sub-Saharan,Somalia,"1,249","1,905","1,010","1,048",922,749,821,756,810,807,946,698,540,514,621,797,558,574,700,679,602,587,895,806,622,491,457,469,570,400,294,306,440,512,305,277,272,367,255,226,136,188,255,148,134,186,273,234,228,358,318,263,357
Africa Sub-Saharan,South Africa,"10,078","8,486","6,720","6,507","7,507","5,301","4,288","4,811","5,682","4,039","3,531","4,024","4,670","4,515","5,301","5,463","13,330","33,482","34,274","24,590","24,025","33,088","30,538","23,846","22,477","38,910","27,263","20,545","21,223","34,919","23,405","22,873","17,383","33,503","25,476","19,209","15,040","28,960","24,310","19,487","16,443","32,986","29,936","20,033","14,438","28,628","20,916","20,451","17,880","31,566","27,222","22,749","17,654"
Other,South Georgia and South Sandwich Islands,0,0,0,0,0,0,0,0,0,0,0,0,0,0,0,0,0,0,0,0,0,0,0,0,0,0,0,0,0,0,0,0,0,0,0,0,0,0,0,0,0,0,0,0,0,0,0,0,0,0,0,0,0
EU 14,Spain,1,1,3,1,0,1,0,1,1,1,3,2,1,1,1,0,0,0,0,0,0,0,0,1,0,0,0,1,0,0,0,1,0,0,1,0,0,0,0,0,0,0,0,1,0,0,0,0,2,0,0,0,0
Asia South,Sri Lanka,"6,134","9,396","9,275","5,996","6,926","9,632","10,549","8,739","7,470","8,907","9,303","6,437","6,171","8,866","9,401","6,393","5,257","7,893","9,064","7,387","6,590","9,322","10,667","6,395","5,917","7,637","7,812","4,790","4,792","6,284","6,233","3,985","4,783","7,156","6,537","4,140","4,387","6,333","6,874","4,224","4,526","6,890","7,086","4,185","3,750","6,326","6,118","4,587","4,967","6,491","6,950","4,379","4,352"
Other,St. Helena (British),0,0,0,0,0,0,0,0,0,0,0,0,0,0,0,0,0,0,0,0,0,0,0,0,0,0,0,0,0,0,0,0,0,0,0,0,0,0,0,0,0,0,0,0,0,0,0,0,0,0,0,0,0
America Central and South,St. Kitts and Nevis,6,6,8,7,3,5,21,3,6,2,12,1,4,1,16,6,2,5,9,3,3,1,13,4,2,3,15,7,11,9,15,18,2,5,19,16,8,18,31,6,25,9,42,11,9,7,79,29,16,12,68,17,11
America Central and South,St. Lucia,61,61,126,55,73,59,113,59,68,29,93,36,42,39,102,31,39,19,73,30,34,23,48,29,21,18,36,21,21,18,33,13,20,14,19,24,13,13,41,20,12,55,38,17,22,14,45,18,17,12,40,17,15
America Central and South,St. Maarten (Dutch Part),z,z,z,z,z,z,z,z,z,z,z,z,z,z,z,z,z,z,z,z,z,z,z,z,0,0,0,0,0,0,0,0,0,0,0,0,0,0,0,0,0,0,0,0,0,0,0,0,0,0,0,0,0
America Central and South,St. Martin (French Part),0,0,0,0,0,0,0,0,0,0,0,0,0,0,0,0,0,0,0,0,0,0,0,0,0,0,0,0,0,0,0,0,0,0,0,0,0,0,0,0,0,0,0,0,0,0,0,0,0,0,0,0,0
America Central and South,St. Pierre and Miquelon,0,0,0,0,0,0,0,0,0,0,0,0,0,0,0,0,0,0,0,0,0,0,0,0,0,0,0,0,0,0,0,0,0,0,0,0,0,0,0,0,0,0,0,0,0,0,0,0,0,0,0,0,0
America Central and South,St. Vincent and the Grenadines,31,32,68,29,30,33,76,35,35,22,64,18,27,21,36,29,8,24,54,14,25,14,38,25,21,22,25,13,20,20,40,5,13,11,25,28,13,9,31,7,5,15,32,7,7,12,21,12,9,10,23,10,8
Other,Stateless,383,520,501,457,359,468,520,383,315,350,299,192,144,205,253,236,170,170,214,155,104,174,166,133,90,129,161,102,94,107,61,35,30,33,70,63,40,21,50,41,36,31,56,52,30,31,60,43,39,62,113,176,124
Africa North,Sudan,"1,594","3,224","2,227","1,571","1,717","3,432","2,855","1,690","1,760","3,179","2,368","1,374","1,457","2,365","1,894","1,043","1,349","2,287","1,811","1,242","1,344","2,458","1,986","1,409","1,354","2,483","1,919","1,128","1,254","1,926","1,420","1,158","1,296","2,098","1,575","1,186","1,219","1,804","1,384",803,744,"1,073","1,311",975,931,"1,148","1,186",953,"1,072","1,565","1,702","1,342","1,396"
Africa Sub-Saharan,Sudan (South),z,z,z,z,z,z,z,z,z,z,z,z,z,z,z,z,z,z,z,z,z,z,z,z,0,0,0,0,0,0,0,0,33,80,98,33,23,58,63,30,50,74,75,49,26,70,69,54,41,59,98,57,64
America Central and South,Surinam,46,93,68,37,43,46,64,38,35,54,104,43,31,45,50,19,22,38,37,19,17,32,42,14,15,25,24,20,30,30,37,18,24,60,40,13,22,27,33,11,26,36,41,11,19,20,17,19,24,21,35,19,18
Europe Other,Svalbard and Jan Mayen,0,0,0,0,0,0,0,0,0,0,0,0,0,0,0,0,0,0,0,0,0,0,0,0,0,0,0,0,0,0,0,0,0,0,0,0,0,0,0,0,0,0,0,0,0,0,0,0,0,0,0,0,0
Africa Sub-Saharan,Swaziland,47,68,88,61,23,21,20,15,20,9,25,18,15,22,18,9,22,39,159,126,49,97,172,81,51,117,88,66,40,155,103,107,81,74,78,80,97,89,77,71,77,84,117,75,45,78,93,82,80,83,96,77,88
EU 14,Sweden,4,11,2,1,0,1,2,1,1,0,1,0,0,0,4,1,0,1,0,2,0,0,1,0,1,3,0,0,1,0,0,0,0,0,0,0,0,0,0,0,0,0,0,0,1,0,0,0,1,0,0,0,0
Europe Other,Switzerland,1,1,0,2,0,6,11,3,2,2,0,0,0,2,1,0,0,0,1,0,1,0,1,0,0,0,1,0,0,0,0,0,0,1,0,0,0,0,1,0,0,0,0,1,0,0,0,0,0,1,0,0,0
Middle East,Syria,"1,274","2,285","1,946","1,443","1,633","2,362","2,201","1,481","1,358","1,611","1,412","1,159","1,031","1,659","1,678","1,209","1,349","2,083","1,726","1,258",946,"1,662","1,692","1,222","1,066","1,899","1,907",867,713,"1,063",949,765,761,"1,013","1,264",774,730,909,870,742,729,892,"1,331","2,966","1,377","2,371","2,778","2,433","2,203","2,259","1,951","1,698","2,060"
Asia East,Taiwan,"6,586","14,485","10,756","6,087","7,143","13,743","13,992","5,845","7,673","12,357","11,749","5,254","5,502","10,639","9,560","4,483","2,237","1,105","2,686",275,487,"1,129","2,370",329,438,"1,155","2,371",326,888,"1,410","2,411",456,357,"1,401","2,692",532,345,"1,349","2,802",509,613,"1,099","2,947",501,596,"1,038","2,892",483,546,"1,266","2,736",569,455
Asia Central,Tajikistan,61,88,145,56,48,115,106,88,77,82,130,55,69,120,117,90,64,79,104,57,69,110,102,96,53,87,130,62,81,90,135,95,70,107,95,107,110,108,117,63,64,72,109,68,47,74,138,88,78,84,148,111,83
Africa Sub-Saharan,Tanzania,"1,414","2,280","2,353","1,475","1,388","2,365","2,225","1,797","1,596","2,227","2,096","1,417","1,126","1,946","1,854","1,410","1,074","1,453","1,568","1,047",862,"1,446","1,295","1,016",916,"1,433","1,436","1,047",930,"1,267","1,308","1,098",887,"1,523","1,299","1,043","1,036","1,503","1,462","1,071",943,"1,449","1,568",997,713,"1,266","1,333","1,024",903,"1,295","1,441","1,082",843
Asia South East,Thailand,"10,946","12,333","9,520","6,704","10,806","11,507","10,288","6,761","10,990","11,885","10,888","7,801","11,449","11,589","11,321","7,169","12,186","12,254","13,360","8,423","13,926","12,168","16,378","9,692","18,543","15,001","16,326","8,247","17,800","14,420","16,416","11,223","19,163","18,935","19,773","11,978","18,947","18,541","18,215","11,812","18,687","17,992","18,052","12,106","19,785","20,749","18,900","14,374","23,530","22,588","19,825","15,771","22,546"
Africa Sub-Saharan,Togo,118,120,154,114,95,109,188,113,103,104,107,121,85,119,141,76,88,90,97,91,85,111,121,65,61,79,93,70,82,77,115,62,57,93,80,51,64,84,84,66,54,86,66,73,54,66,82,69,77,108,85,74,77
Oceania,Tokelau,0,0,0,0,0,0,0,0,0,0,0,0,0,0,0,0,0,0,0,0,0,0,0,0,0,0,0,0,0,0,0,0,0,0,0,0,0,0,0,0,0,0,0,0,0,0,0,0,0,0,0,0,0
Oceania,Tonga,1,8,11,6,15,3,9,4,2,4,13,5,2,0,14,1,8,2,7,3,8,1,8,1,2,5,8,3,1,4,3,2,4,5,10,6,4,3,15,9,9,0,14,4,3,2,10,1,2,1,5,5,2
America Central and South,Trinidad and Tobago,292,480,666,305,253,316,597,287,268,332,526,270,237,239,511,206,189,112,443,151,169,135,429,111,88,75,408,78,69,63,282,65,74,57,305,74,80,51,316,63,71,55,317,50,72,48,303,64,57,42,329,71,66
Africa North,Tunisia,960,"1,422","1,571","1,094","1,095","1,304","1,333","1,006","1,071","1,302","1,345","1,104","1,025","1,193","1,226",865,946,"1,125","1,205","1,051","1,165",946,959,"1,163",907,"1,246","1,285","1,062","1,274","1,532","1,170","1,070","1,181","1,700","1,583","1,287","1,092","1,423","1,702","1,253","1,098","1,764","1,620","1,294","1,292","1,791","1,685","1,369","1,460","1,821","1,641","1,306","1,234"
Europe Other,Turkey,"13,573","19,242","16,578","18,259","16,673","22,721","19,350","19,954","17,558","23,845","20,450","18,163","18,370","24,936","22,753","17,961","17,595","22,567","18,772","20,805","18,966","26,412","21,785","20,654","19,796","26,892","24,663","18,965","20,716","28,349","21,196","20,818","19,901","30,917","28,012","19,351","22,974","32,253","24,934","20,166","22,879","33,674","24,736","21,862","21,379","35,930","24,524","25,484","23,549","36,769","28,246","26,717","27,178"
Asia Central,Turkmenistan,261,466,699,311,239,328,403,256,234,291,316,201,217,327,356,249,242,470,419,324,212,359,355,264,215,338,354,218,196,355,321,219,140,347,230,179,158,218,319,180,125,227,275,173,104,218,195,182,117,249,251,154,188
Other,Turks and Caicos Islands (British),0,0,0,0,0,0,1,0,0,0,1,0,0,0,0,0,0,0,0,0,0,0,0,0,0,0,1,0,0,0,0,0,0,0,0,0,0,0,0,0,0,0,1,0,0,0,0,0,0,0,0,0,0
Oceania,Tuvalu,0,0,1,0,3,0,0,0,0,0,0,0,0,0,0,0,0,0,0,0,0,0,0,0,0,0,1,0,0,0,0,0,0,0,0,0,0,0,0,0,0,0,2,0,0,0,0,0,0,0,0,0,0
Africa Sub-Saharan,Uganda,"1,381","1,940","2,189","1,636","1,316","2,016","2,185","1,634","1,387","2,012","2,343","1,486","1,396","2,120","2,444","1,737","1,247","1,830","1,944","1,206",941,"1,618","1,789","1,381",954,"1,611","1,683","1,233","1,002","1,378","1,536","1,206",878,"1,512","1,729","1,233",988,"1,566","1,765","1,096",969,"1,325","1,885",980,772,978,"1,407",852,691,"1,176","1,776","1,084",967
Europe Other,Ukraine,"6,258","11,374","7,221","6,394","8,308","11,369","8,421","7,218","8,653","11,869","8,391","7,400","6,332","9,505","8,979","7,154","5,929","8,385","8,562","6,185","6,011","8,898","9,437","7,285","7,400","12,913","10,511","7,318","7,174","14,272","8,519","8,072","8,517","13,482","12,405","8,880","7,145","10,746","10,019","7,129","6,714","9,105","8,349","7,458","7,057","11,022","8,788","7,405","8,320","11,799","9,556","8,878","9,122"
Middle East,United Arab Emirates,"3,003","7,282","5,588","2,465","3,447","8,337","8,154","2,469","2,842","7,192","7,009","2,676","3,195","8,715","8,242","3,603","4,029","7,097","6,091","3,968","3,834","10,255","6,603","4,134","5,258","11,062","6,531","5,543","5,981","8,846","8,184","6,882","8,223","10,718","14,343","7,318","1,700","2,024","3,216","2,004","2,114","2,466","2,750","1,450","1,751","2,270","2,202","1,348","1,383","1,663","2,179","1,218","1,202"
America North,United States,"4,755","7,188","13,861","5,082","5,135","7,660","14,317","5,702","5,616","7,118","15,608","5,850","5,407","7,635","16,198","7,171","5,370","7,072","16,176","7,278","5,857","8,945","16,763","6,930","5,841","8,094","16,738","6,157","5,032","8,217","15,921","5,740","5,525","8,857","17,278","6,143","4,864","8,391","17,385","6,709","5,279","8,016","17,335","5,992","4,483","7,692","16,694","5,923","4,490","7,669","17,564","5,635","4,472"
America Central and South,Uruguay,17,9,32,21,12,19,29,18,21,10,32,13,12,29,36,16,12,15,27,12,26,34,26,12,25,15,33,10,10,18,28,11,17,14,18,12,13,15,29,21,18,14,60,16,5,12,51,15,8,10,54,10,14
Asia Central,Uzbekistan,513,634,891,556,378,586,751,841,866,733,774,661,541,811,776,524,390,597,516,526,365,468,631,428,348,756,628,475,459,712,679,684,548,761,922,779,608,782,812,529,496,687,826,574,473,677,699,665,536,820,804,665,601
Oceania,Vanuatu,0,1,0,0,0,0,0,2,5,0,0,0,0,3,1,1,0,0,0,0,0,0,1,1,1,0,1,1,0,0,0,0,0,1,1,0,0,0,2,1,0,2,1,0,0,0,2,1,0,1,1,4,1
Europe Other,Vatican City,2,3,3,1,2,1,2,3,0,7,0,5,4,1,2,0,1,5,3,1,1,3,2,0,2,1,2,3,5,3,1,1,0,3,1,0,0,0,2,1,0,1,0,0,0,0,0,0,0,0,0,0,0
America Central and South,Venezuela,130,137,252,185,189,178,400,186,297,259,494,275,269,310,523,191,288,"1,572","1,463",875,762,"1,009","1,066",503,471,533,806,271,302,603,428,242,224,310,440,243,374,"3,273","3,710","1,995","1,751","2,601","3,483","2,585","1,391","2,076","1,525","1,137","1,259","1,579","1,444","1,161","1,023"
Asia South East,Vietnam,"1,242","1,785","1,850","1,219","1,045","1,770","2,506","1,424","1,171","2,279","2,681","1,526","1,737","2,162","2,973","1,443","1,223","1,890","2,924","1,819","1,555","2,485","3,722","2,154","1,648","2,832","4,495","3,009","1,983","3,524","4,422","2,080","2,098","3,553","5,100","2,280","1,963","3,774","5,060","2,774","2,172","4,706","5,847","2,670","2,432","5,302","4,949","3,032","2,804","5,706","5,753","3,193","2,478"
Other,Virgin Islands (British),0,0,0,0,0,0,0,0,0,0,0,0,0,0,0,0,0,0,0,0,0,0,0,0,0,0,0,0,0,0,1,0,0,0,0,0,0,0,0,0,0,0,0,0,1,0,0,0,0,0,0,0,0
America North,Virgin Islands (US),0,0,0,0,0,0,0,0,0,0,0,0,0,0,0,0,0,0,0,0,0,0,0,0,0,0,0,0,0,0,0,0,0,0,0,0,0,0,0,0,0,0,0,0,0,0,0,0,0,0,0,0,0
Oceania,Wallis and Futuna,0,0,0,0,0,0,0,0,0,0,0,0,0,0,0,0,0,0,0,0,0,0,0,0,0,0,0,0,0,0,0,0,0,0,0,0,0,0,0,0,0,0,0,0,0,0,0,0,0,0,0,0,0
Africa North,Western Sahara,0,0,0,0,0,0,0,0,0,0,0,0,0,0,0,0,0,0,0,0,0,0,0,0,0,0,0,0,0,0,0,0,0,0,0,0,0,0,0,0,0,0,0,0,0,0,0,0,0,0,0,0,0
Middle East,Yemen,644,"1,322",936,709,595,"1,326","1,225",757,682,"1,202",987,568,535,923,887,567,476,820,668,504,547,916,699,300,364,724,537,358,384,735,524,463,525,769,687,557,586,698,805,290,275,233,358,215,192,265,345,254,325,474,640,470,467
Africa Sub-Saharan,Zambia,"1,032","1,500","1,517","1,355","1,118","1,589","1,461","1,301",964,"1,453","1,581","1,331",945,"1,161","1,324","1,176",710,971,"1,175",969,763,"1,065","1,067",869,653,931,"1,222",917,646,"1,098","1,078","1,055",771,"1,062","1,221",926,535,"1,121","1,230",789,532,"1,093","1,175",695,502,895,"1,085",787,615,882,"1,201",930,621
Africa Sub-Saharan,Zimbabwe,"4,027","5,309","4,911","4,668","3,094","3,401","4,085","4,267","2,954","3,072","3,233","3,070","2,106","2,821","2,726","2,040","1,089","1,892","2,275","1,881","1,621","1,955","2,185","2,254","1,752","2,149","2,287","1,876","1,480","1,882","2,221","1,807","1,414","1,867","2,086","1,847","1,303","2,105","2,344","1,997","1,452","2,198","2,642","1,729","1,247","1,871","2,360","1,924","1,544","1,939","2,526","1,916","1,588"